,open,high,low,close,adjclose,volume,ticker,adjclose_1,true_adjclose_1
2010-12-30,5.539999961853027,5.579999923706055,5.276000022888184,5.300000190734863,5.300000190734863,10205500,TSLA,5.722067,5.326000213623047
2010-12-31,5.314000129699707,5.449999809265137,5.300000190734863,5.326000213623047,5.326000213623047,7089500,TSLA,5.6492095,5.323999881744385
2011-01-04,5.331999778747559,5.389999866485596,5.203999996185303,5.334000110626221,5.334000110626221,5937000,TSLA,5.6743555,5.366000175476074
2011-01-20,4.806000232696533,4.889999866485596,4.473999977111816,4.52400016784668,4.52400016784668,11399500,TSLA,5.3374925,4.607999801635742
2011-01-21,4.624000072479248,4.7179999351501465,4.541999816894531,4.607999801635742,4.607999801635742,6085000,TSLA,5.1741304,4.8979997634887695
2011-02-01,4.861999988555908,4.946000099182129,4.708000183105469,4.7820000648498535,4.7820000648498535,3539000,TSLA,5.2230554,4.788000106811523
2011-02-08,4.75600004196167,5.050000190734863,4.599999904632568,4.8979997634887695,4.8979997634887695,17524500,TSLA,5.069859,4.642000198364258
2011-02-09,4.826000213623047,4.835999965667725,4.558000087738037,4.642000198364258,4.642000198364258,13178000,TSLA,5.103822,4.644000053405762
2011-02-24,4.355999946594238,4.515999794006348,4.300000190734863,4.50600004196167,4.50600004196167,5276500,TSLA,4.8223834,4.7220001220703125
2011-02-28,4.748000144958496,4.820000171661377,4.699999809265137,4.7779998779296875,4.7779998779296875,5256000,TSLA,4.8786783,4.788000106811523
2011-03-01,4.809999942779541,4.863999843597412,4.739999771118164,4.788000106811523,4.788000106811523,5532000,TSLA,4.999914,4.803999900817871
2011-03-04,4.895999908447266,4.998000144958496,4.75600004196167,4.989999771118164,4.989999771118164,7900500,TSLA,5.221286,4.98799991607666
2011-03-09,4.932000160217285,4.998000144958496,4.854000091552734,4.943999767303467,4.943999767303467,4624000,TSLA,5.3025484,4.802000045776367
2011-04-01,5.489999771118164,5.636000156402588,5.314000129699707,5.331999778747559,5.331999778747559,14324000,TSLA,5.5789585,5.165999889373779
2011-04-06,5.3979997634887695,5.4019999504089355,5.159999847412109,5.297999858856201,5.297999858856201,6441500,TSLA,5.6964865,5.447999954223633
2011-04-12,5.015999794006348,5.041999816894531,4.860000133514404,4.929999828338623,4.929999828338623,6787000,TSLA,5.6034913,4.986000061035156
2011-04-26,5.331999778747559,5.449999809265137,5.26200008392334,5.386000156402588,5.386000156402588,7000000,TSLA,5.630268,5.415999889373779
2011-04-28,5.414000034332275,5.538000106811523,5.343999862670898,5.5320000648498535,5.5320000648498535,8000000,TSLA,5.7600884,5.519999980926514
2011-05-17,5.400000095367432,5.400000095367432,5.144000053405762,5.191999912261963,5.191999912261963,6171000,TSLA,5.8114743,5.269999980926514
2011-06-01,6.0,6.019999980926514,5.676000118255615,5.703999996185303,5.703999996185303,7649500,TSLA,6.2619257,5.751999855041504
2011-06-02,5.703999996185303,5.863999843597412,5.702000141143799,5.751999855041504,5.751999855041504,4931500,TSLA,6.247718,6.026000022888184
2011-06-10,5.504000186920166,5.659999847412109,5.46999979019165,5.572000026702881,5.572000026702881,7833000,TSLA,5.9329658,5.685999870300293
2011-06-22,5.473999977111816,5.650000095367432,5.420000076293945,5.441999912261963,5.441999912261963,7378000,TSLA,5.691777,5.541999816894531
2011-07-05,5.803999900817871,5.9039998054504395,5.742000102996826,5.828000068664551,5.828000068664551,4980000,TSLA,6.1492553,5.791999816894531
2011-07-13,5.685999870300293,5.806000232696533,5.579999923706055,5.728000164031982,5.728000164031982,5330000,TSLA,6.082888,5.521999835968018
2011-07-18,5.4679999351501465,5.489999771118164,5.326000213623047,5.446000099182129,5.446000099182129,4259500,TSLA,5.922634,5.578000068664551
2011-07-20,5.599999904632568,6.0879998207092285,5.559999942779541,5.73799991607666,5.73799991607666,15241500,TSLA,5.929387,5.739999771118164
2011-07-22,5.739999771118164,5.9079999923706055,5.710000038146973,5.857999801635742,5.857999801635742,2917500,TSLA,6.0770526,5.697999954223633
2011-07-27,5.699999809265137,5.699999809265137,5.501999855041504,5.5279998779296875,5.5279998779296875,4792500,TSLA,6.067207,5.633999824523926
2011-07-29,5.559999942779541,5.679999828338623,5.5,5.633999824523926,5.633999824523926,4741000,TSLA,5.967886,5.754000186920166
2011-08-03,5.5,5.565999984741211,5.26800012588501,5.440000057220459,5.440000057220459,8972500,TSLA,5.9716077,4.949999809265137
2011-08-04,5.302000045776367,5.377999782562256,4.934000015258789,4.949999809265137,4.949999809265137,15322500,TSLA,5.863759,4.8480000495910645
2011-08-17,5.2779998779296875,5.329999923706055,5.1020002365112305,5.165999889373779,5.165999889373779,3218500,TSLA,5.5937037,4.8520002365112305
2011-08-25,4.77400016784668,4.77400016784668,4.579999923706055,4.622000217437744,4.622000217437744,3399000,TSLA,4.8945365,4.745999813079834
2011-08-29,4.843999862670898,4.96999979019165,4.803999900817871,4.941999912261963,4.941999912261963,4017000,TSLA,5.0450797,4.926000118255615
2011-09-01,4.932000160217285,4.973999977111816,4.76800012588501,4.800000190734863,4.800000190734863,4240500,TSLA,5.274471,4.613999843597412
2011-09-15,4.915999889373779,4.986000061035156,4.866000175476074,4.964000225067139,4.964000225067139,2813000,TSLA,5.127039,5.159999847412109
2011-09-19,4.989999771118164,5.1620001792907715,4.763999938964844,5.1539998054504395,5.1539998054504395,5787000,TSLA,5.335662,5.202000141143799
2011-09-20,5.196000099182129,5.320000171661377,5.133999824523926,5.202000141143799,5.202000141143799,5902000,TSLA,5.4228644,5.170000076293945
2011-09-21,5.190000057220459,5.389999866485596,5.139999866485596,5.170000076293945,5.170000076293945,4938000,TSLA,5.4972024,5.125999927520752
2011-09-29,5.144000053405762,5.164000034332275,4.710000038146973,4.823999881744385,4.823999881744385,4648000,TSLA,5.4656906,4.877999782562256
2011-10-04,4.6579999923706055,4.863999843597412,4.585999965667725,4.73199987411499,4.73199987411499,6001500,TSLA,5.1987424,5.073999881744385
2011-10-11,5.501999855041504,5.553999900817871,5.418000221252441,5.521999835968018,5.521999835968018,2878500,TSLA,5.7792497,5.559999942779541
2011-10-14,5.599999904632568,5.710000038146973,5.452000141143799,5.610000133514404,5.610000133514404,7002500,TSLA,5.930652,5.484000205993652
2011-10-18,5.460000038146973,5.685999870300293,5.3420000076293945,5.668000221252441,5.668000221252441,4998500,TSLA,5.911246,5.513999938964844
2011-10-20,5.48799991607666,5.49399995803833,5.400000095367432,5.4679999351501465,5.4679999351501465,4998500,TSLA,5.8815436,5.605999946594238
2011-10-26,5.638000011444092,5.673999786376953,5.480000019073486,5.5960001945495605,5.5960001945495605,2552500,TSLA,5.9791927,5.751999855041504
2011-10-28,5.699999809265137,6.0,5.6020002365112305,5.973999977111816,5.973999977111816,6320000,TSLA,6.062666,5.874000072479248
2011-11-08,6.27400016784668,6.400000095367432,6.144000053405762,6.368000030517578,6.368000030517578,5839500,TSLA,6.656562,6.176000118255615
2011-11-09,6.173999786376953,6.297999858856201,6.059999942779541,6.176000118255615,6.176000118255615,4768500,TSLA,6.662603,6.265999794006348
2011-11-15,6.584000110626221,6.880000114440918,6.546000003814697,6.785999774932861,6.785999774932861,4455000,TSLA,6.9047265,6.987999916076659
2011-11-16,6.696000099182129,7.0,6.679999828338623,6.98799991607666,6.98799991607666,9166000,TSLA,7.036978,6.736000061035156
2011-11-18,6.728000164031982,6.822000026702881,6.507999897003174,6.519999980926514,6.519999980926514,4514000,TSLA,7.156691,6.3520002365112305
2011-11-23,6.3520002365112305,6.409999847412109,6.25,6.289999961853027,6.289999961853027,2259000,TSLA,6.78662,6.331999778747559
2011-11-28,6.400000095367432,6.656000137329102,6.361999988555908,6.51200008392334,6.51200008392334,3406000,TSLA,6.697495,6.349999904632568
2011-11-30,6.5,6.585999965667725,6.443999767303467,6.547999858856201,6.547999858856201,3801500,TSLA,6.8031135,6.519999980926514
2011-12-27,5.5320000648498535,5.754000186920166,5.5279998779296875,5.714000225067139,5.714000225067139,3887500,TSLA,5.889889,5.702000141143799
2011-12-30,5.697999954223633,5.796000003814697,5.650000095367432,5.711999893188477,5.711999893188477,1699000,TSLA,6.0601497,5.616000175476074
2012-01-11,5.52400016784668,5.676000118255615,5.460000038146973,5.645999908447266,5.645999908447266,3361500,TSLA,5.8064103,5.650000095367432
2012-01-13,5.679999828338623,5.699999809265137,4.5279998779296875,4.558000087738037,4.558000087738037,27502000,TSLA,5.876054,5.320000171661377
2012-01-23,5.361999988555908,5.441999912261963,5.320000171661377,5.354000091552734,5.354000091552734,2973000,TSLA,5.6814246,5.484000205993652
2012-01-25,5.453999996185303,5.6020002365112305,5.409999847412109,5.593999862670898,5.593999862670898,3056000,TSLA,5.767803,5.788000106811523
2012-02-17,6.797999858856201,6.99399995803833,6.699999809265137,6.99399995803833,6.99399995803833,6883500,TSLA,7.0835557,6.900000095367431
2012-02-23,6.797999858856201,6.99399995803833,6.711999893188477,6.906000137329102,6.906000137329102,4102000,TSLA,7.243721,6.75
2012-02-28,6.728000164031982,6.888000011444092,6.633999824523926,6.76200008392334,6.76200008392334,3061000,TSLA,7.1230392,6.682000160217286
2012-02-29,6.76200008392334,6.823999881744385,6.627999782562256,6.682000160217285,6.682000160217285,2678500,TSLA,7.0934987,6.881999969482422
2012-03-02,6.880000114440918,6.900000095367432,6.742000102996826,6.808000087738037,6.808000087738037,2750000,TSLA,7.121697,6.754000186920167
2012-03-14,7.199999809265137,7.199999809265137,6.960000038146973,7.058000087738037,7.058000087738037,4257500,TSLA,7.453502,7.000000000000001
2012-04-04,7.053999900817871,7.0980000495910645,6.938000202178955,7.0,7.0,22409000,TSLA,7.780528,6.895999908447266
2012-04-13,6.788000106811523,6.808000087738037,6.570000171661377,6.7179999351501465,6.7179999351501465,3248000,TSLA,6.9832916,6.449999809265137
2012-04-16,6.682000160217285,6.739999771118164,6.418000221252441,6.449999809265137,6.449999809265137,5498000,TSLA,7.002914,6.447999954223633
2012-05-03,6.7820000648498535,6.800000190734863,6.426000118255615,6.492000102996826,6.492000102996826,4206500,TSLA,7.0750084,6.366000175476074
2012-05-04,6.464000225067139,6.492000102996826,6.28000020980835,6.366000175476074,6.366000175476074,6237500,TSLA,7.0128546,6.49399995803833
2012-06-01,5.705999851226807,5.831999778747559,5.552000045776367,5.630000114440918,5.630000114440918,4429000,TSLA,6.345252,5.576000213623047
2012-06-11,6.061999797821045,6.199999809265137,5.791999816894531,5.823999881744385,5.823999881744385,3180000,TSLA,6.2166696,5.932000160217285
2012-06-22,6.519999980926514,6.796000003814697,6.492000102996826,6.757999897003174,6.757999897003174,15233000,TSLA,7.035245,6.622000217437744
2012-06-29,6.559999942779541,6.559999942779541,6.199999809265137,6.257999897003174,6.257999897003174,5629000,TSLA,6.7196426,6.079999923706055
2012-07-02,6.269999980926514,6.360000133514404,6.038000106811523,6.079999923706055,6.079999923706055,6578000,TSLA,6.6664433,6.131999969482422
2012-07-05,6.1620001792907715,6.334000110626221,6.159999847412109,6.245999813079834,6.245999813079834,6269000,TSLA,6.571801,6.197999954223633
2012-07-06,6.197999954223633,6.3460001945495605,6.159999847412109,6.197999954223633,6.197999954223633,3922500,TSLA,6.5601754,6.297999858856201
2012-07-11,6.314000129699707,6.335999965667725,6.202000141143799,6.302000045776367,6.302000045776367,3193000,TSLA,6.6237073,6.539999961853027
2012-07-19,6.544000148773193,6.630000114440918,6.4079999923706055,6.453999996185303,6.453999996185303,7179500,TSLA,7.067932,6.357999801635742
2012-07-23,6.210000038146973,6.260000228881836,6.124000072479248,6.131999969482422,6.131999969482422,6934000,TSLA,6.7610145,5.9679999351501465
2012-08-02,5.368000030517578,5.369999885559082,5.104000091552734,5.21999979019165,5.21999979019165,6525500,TSLA,5.8163176,5.453999996185303
2012-08-06,5.510000228881836,5.739999771118164,5.510000228881836,5.6539998054504395,5.6539998054504395,7641000,TSLA,5.745501,6.050000190734863
2012-08-07,5.754000186920166,6.179999828338623,5.699999809265137,6.050000190734863,6.050000190734863,11936000,TSLA,5.8921957,5.817999839782715
2012-08-09,5.9039998054504395,6.0,5.826000213623047,5.881999969482422,5.881999969482422,3363000,TSLA,6.194376,5.98799991607666
2012-08-10,5.861999988555908,5.98799991607666,5.861999988555908,5.98799991607666,5.98799991607666,3537000,TSLA,6.262713,6.234000205993652
2012-08-14,6.150000095367432,6.234000205993652,5.8520002365112305,5.883999824523926,5.883999824523926,3967000,TSLA,6.3566957,5.880000114440918
2012-08-16,5.906000137329102,6.078000068664551,5.900000095367432,6.059999942779541,6.059999942779541,3345000,TSLA,6.3285728,6.001999855041504
2012-08-21,5.915999889373779,6.0,5.800000190734863,5.822000026702881,5.822000026702881,3808000,TSLA,6.333882,5.989999771118164
2012-08-23,6.0,6.170000076293945,5.929999828338623,6.145999908447266,6.145999908447266,7355000,TSLA,6.3215146,5.900000095367432
2012-08-30,5.71999979019165,5.748000144958496,5.619999885559082,5.682000160217285,5.682000160217285,3282000,TSLA,6.0812416,5.703999996185303
2012-09-11,5.552000045776367,5.631999969482422,5.480000019073486,5.559999942779541,5.559999942779541,5074500,TSLA,6.036189,5.656000137329102
2012-09-14,6.0,6.130000114440918,5.929999828338623,6.078000068664551,6.078000068664551,7683000,TSLA,6.108403,6.507999897003174
2012-09-17,6.46999979019165,6.556000232696533,6.302000045776367,6.507999897003174,6.507999897003174,16064000,TSLA,6.3354053,6.26800012588501
2012-09-19,6.199999809265137,6.3480000495910645,6.188000202178955,6.210000038146973,6.210000038146973,5242500,TSLA,6.6613836,6.179999828338623
2012-09-20,6.185999870300293,6.300000190734863,6.136000156402588,6.179999828338623,6.179999828338623,4562000,TSLA,6.6689196,6.004000186920166
2012-10-01,5.900000095367432,5.978000164031982,5.800000190734863,5.831999778747559,5.831999778747559,4422000,TSLA,6.071028,5.960000038146973
2012-10-10,5.677999973297119,5.74399995803833,5.6020002365112305,5.679999828338623,5.679999828338623,2518000,TSLA,6.115331,5.664000034332275
2012-10-11,5.788000106811523,5.796000003814697,5.650000095367432,5.664000034332275,5.664000034332275,2253000,TSLA,6.063415,5.5279998779296875
2012-10-12,5.664000034332275,5.745999813079834,5.5,5.5279998779296875,5.5279998779296875,4938000,TSLA,6.0253496,5.466000080108643
2012-10-16,5.533999919891357,5.618000030517578,5.4679999351501465,5.611999988555908,5.611999988555908,2396500,TSLA,5.940687,5.763999938964844
2012-10-19,5.565999984741211,5.639999866485596,5.460000038146973,5.547999858856201,5.547999858856201,5137000,TSLA,5.991986,5.570000171661377
2012-10-22,5.5980000495910645,5.599999904632568,5.4720001220703125,5.570000171661377,5.570000171661377,2351000,TSLA,5.979451,5.677999973297119
2012-11-06,6.122000217437744,6.239999771118164,5.989999771118164,6.230000019073486,6.230000019073486,11620000,TSLA,6.3496585,6.308000087738037
2012-11-09,6.119999885559082,6.185999870300293,5.96999979019165,6.064000129699707,6.064000129699707,4315000,TSLA,6.5956845,6.214000225067139
2012-11-23,6.519999980926514,6.565999984741211,6.340000152587891,6.426000118255615,6.426000118255615,2151500,TSLA,6.8778863,6.453999996185303
2012-11-26,6.420000076293945,6.460000038146973,6.323999881744385,6.453999996185303,6.453999996185303,2479000,TSLA,6.8604784,6.429999828338623
2012-11-27,6.426000118255615,6.5320000648498535,6.303999900817871,6.429999828338623,6.429999828338623,4554000,TSLA,6.82702,6.645999908447266
2012-12-10,6.886000156402588,6.960000038146973,6.835999965667725,6.914000034332275,6.914000034332275,4649000,TSLA,7.1940413,7.056000232696533
2012-12-13,7.052000045776367,7.059999942779541,6.550000190734863,6.7220001220703125,6.7220001220703125,10756500,TSLA,7.3605914,6.76200008392334
2012-12-14,6.75600004196167,6.880000114440918,6.7179999351501465,6.76200008392334,6.76200008392334,5115000,TSLA,7.3111258,6.880000114440917
2012-12-21,6.788000106811523,6.834000110626221,6.716000080108643,6.800000190734863,6.800000190734863,7462000,TSLA,7.2593193,6.855999946594238
2012-12-24,6.728000164031982,6.869999885559082,6.710000038146973,6.855999946594238,6.855999946594238,1879000,TSLA,7.2241254,6.7179999351501465
2012-12-27,6.699999809265137,6.7820000648498535,6.599999904632568,6.73799991607666,6.73799991607666,2805500,TSLA,7.13172,6.644000053405763
2012-12-31,6.599999904632568,6.794000148773193,6.599999904632568,6.77400016784668,6.77400016784668,2974500,TSLA,7.052521,7.072000026702881
2013-01-17,6.831999778747559,6.96999979019165,6.783999919891357,6.875999927520752,6.875999927520752,7183500,TSLA,7.1264777,6.90399980545044
2013-02-01,7.633999824523926,7.699999809265137,7.52400016784668,7.659999847412109,7.659999847412109,5503000,TSLA,7.9361506,7.547999858856201
2013-02-15,7.699999809265137,7.702000141143799,7.389999866485596,7.4079999923706055,7.4079999923706055,10088000,TSLA,8.019814,7.855999946594239
2013-02-19,7.4720001220703125,7.857999801635742,7.461999893188477,7.855999946594238,7.855999946594238,13507000,TSLA,8.016837,7.708000183105469
2013-02-21,7.297999858856201,7.478000164031982,6.9079999923706055,7.0320000648498535,7.0320000648498535,45189000,TSLA,8.05234,7.222000122070313
2013-02-22,7.144000053405762,7.2779998779296875,7.119999885559082,7.2220001220703125,7.2220001220703125,12736500,TSLA,7.908408,6.875999927520752
2013-02-28,7.177999973297119,7.21999979019165,6.874000072479248,6.966000080108643,6.966000080108643,9824500,TSLA,7.3141956,6.929999828338622
2013-03-13,7.800000190734863,7.8979997634887695,7.76200008392334,7.796000003814697,7.796000003814697,4110000,TSLA,8.174136,7.369999885559082
2013-04-04,8.222000122070312,8.449999809265137,8.161999702453613,8.402000427246094,8.402000427246094,11324000,TSLA,8.994258,8.27400016784668
2013-04-09,8.359999656677246,8.366000175476074,8.065999984741211,8.100000381469727,8.100000381469727,8480500,TSLA,8.686545,8.371999740600586
2013-04-12,8.649999618530273,9.027999877929688,8.609999656677246,8.75,8.75,15747000,TSLA,8.885977,8.65999984741211
2013-04-17,9.100000381469727,9.1899995803833,8.907999992370605,9.09000015258789,9.09000015258789,10592500,TSLA,9.27584,9.394000053405762
2013-04-24,10.180000305175781,10.210000038146973,9.795999526977539,10.086000442504883,10.086000442504883,13150000,TSLA,10.4397135,10.399999618530273
2013-04-25,10.100000381469727,10.479999542236328,10.100000381469727,10.399999618530273,10.399999618530273,13979500,TSLA,10.58961,10.239999771118164
2013-05-03,11.293999671936035,11.293999671936035,10.899999618530273,10.90999984741211,10.90999984741211,16893500,TSLA,11.418684,11.899999618530273
2013-05-06,11.277999877929688,11.932000160217285,11.100000381469727,11.899999618530273,11.899999618530273,21833500,TSLA,11.571689,11.10200023651123
2013-05-08,11.5,11.640000343322754,11.142000198364258,11.157999992370605,11.157999992370605,33849500,TSLA,12.021089,13.880000114440918
2013-06-11,19.63599967956543,19.736000061035156,18.809999465942383,18.893999099731445,18.893999099731445,36970000,TSLA,20.349852,19.54599952697754
2013-06-17,20.719999313354492,20.950000762939453,20.239999771118164,20.440000534057617,20.440000534057617,35331000,TSLA,20.50656,20.67799949645996
2013-06-19,20.41200065612793,21.333999633789062,20.402000427246094,20.93600082397461,20.93600082397461,42894500,TSLA,21.108639,20.1299991607666
2013-06-20,20.93000030517578,21.426000595092773,19.889999389648438,20.1299991607666,20.1299991607666,50532500,TSLA,21.30629,19.90999984741211
2013-06-21,20.739999771118164,20.739999771118164,19.5,19.90999984741211,19.90999984741211,58593000,TSLA,21.316874,20.29800033569336
2013-06-26,20.760000228881836,21.173999786376953,20.531999588012695,21.143999099731445,21.143999099731445,33013000,TSLA,20.959139,21.850000381469727
2013-06-27,21.350000381469727,22.049999237060547,21.22599983215332,21.850000381469727,21.850000381469727,43724500,TSLA,21.339046,21.472000122070312
2013-07-01,21.871999740600586,23.554000854492188,21.829999923706055,23.43600082397461,23.43600082397461,54518000,TSLA,22.383472,23.56399917602539
2013-07-09,24.92799949645996,25.06399917602539,24.381999969482422,24.690000534057617,24.690000534057617,43016500,TSLA,24.740583,24.45400047302246
2013-07-19,23.700000762939453,24.110000610351562,23.302000045776367,23.93600082397461,23.93600082397461,29451500,TSLA,24.260427,24.486000061035156
2013-07-31,26.513999938964844,26.993999481201172,26.290000915527344,26.856000900268555,26.856000900268555,31758500,TSLA,26.991995,27.110000610351562
2013-08-01,27.0,27.304000854492188,26.525999069213867,27.110000610351562,27.110000610351562,26618000,TSLA,27.263632,27.600000381469723
2013-08-02,26.917999267578125,27.649999618530273,26.722000122070312,27.600000381469727,27.600000381469727,31349500,TSLA,27.494368,28.93600082397461
2013-08-21,30.0,30.062000274658203,29.25,29.57200050354004,29.57200050354004,31331500,TSLA,29.814524,31.420000076293945
2013-08-30,33.27399826049805,33.84199905395508,32.79199981689453,33.79999923706055,33.79999923706055,55142000,TSLA,34.129124,33.78799819946289
2013-09-09,32.624000549316406,32.900001525878906,31.70199966430664,32.13999938964844,32.13999938964844,71722500,TSLA,34.37592,33.27399826049805
2013-09-11,33.28200149536133,33.58000183105469,32.42599868774414,32.70399856567383,32.70399856567383,29162500,TSLA,33.659576,32.986000061035156
2013-09-27,37.50400161743164,38.25600051879883,37.2859992980957,38.18000030517578,38.18000030517578,29582000,TSLA,38.0154,38.67399978637695
2013-10-09,34.94599914550781,34.99800109863281,32.29999923706055,33.75600051879883,33.75600051879883,76582500,TSLA,36.3436,34.58599853515625
2013-10-11,34.54999923706055,35.858001708984375,34.2400016784668,35.7400016784668,35.7400016784668,41555500,TSLA,35.61781,35.944000244140625
2013-10-29,32.551998138427734,33.09000015258789,30.600000381469727,32.89400100708008,32.89400100708008,70558500,TSLA,34.11101,31.8439998626709
2013-10-30,32.92599868774414,33.5359992980957,31.634000778198242,31.8439998626709,31.8439998626709,42009000,TSLA,33.76502,31.98800086975098
2013-11-05,36.0,36.2859992980957,34.27199935913086,35.36199951171875,35.36199951171875,112335500,TSLA,34.278294,30.232000350952152
2013-11-18,27.054000854492188,27.09000015258789,23.922000885009766,24.31599998474121,24.31599998474121,115691000,TSLA,27.92549,25.218000411987305
2013-11-22,24.31599998474121,24.549999237060547,23.586000442504883,24.275999069213867,24.275999069213867,55483500,TSLA,24.939375,24.167999267578125
2013-11-26,23.875999450683594,24.54400062561035,23.219999313354492,24.100000381469727,24.100000381469727,69427500,TSLA,24.76869,25.38800048828125
2013-12-02,25.270000457763672,25.709999084472656,24.785999298095703,24.833999633789062,24.833999633789062,38756000,TSLA,25.641897,28.94000053405762
2013-12-03,26.535999298095703,28.988000869750977,26.31800079345703,28.940000534057617,28.940000534057617,128412000,TSLA,26.479853,27.790000915527344
2013-12-05,28.030000686645508,28.670000076293945,27.899999618530273,28.09600067138672,28.09600067138672,46442000,TSLA,28.334072,27.472000122070312
2013-12-12,27.940000534057617,29.648000717163086,27.70599937438965,29.493999481201172,29.493999481201172,53839000,TSLA,29.030367,29.530000686645504
2013-12-26,31.007999420166016,31.600000381469727,30.857999801635742,31.100000381469727,31.100000381469727,35647500,TSLA,30.359863,30.224000930786133
2013-12-30,30.224000930786133,30.961999893188477,30.149999618530273,30.488000869750977,30.488000869750977,22337500,TSLA,31.348173,30.08600044250488
2014-01-03,30.0,30.437999725341797,29.719999313354492,29.91200065612793,29.91200065612793,23475000,TSLA,30.908203,29.39999961853027
2014-01-08,29.770000457763672,30.739999771118164,29.75200080871582,30.256000518798828,30.256000518798828,30816000,TSLA,30.437035,29.506000518798828
2014-01-09,30.5,30.68600082397461,29.3700008392334,29.506000518798828,29.506000518798828,26910000,TSLA,30.537281,29.14399909973144
2014-01-27,35.03200149536133,35.58399963378906,32.94200134277344,33.92399978637695,33.92399978637695,43582000,TSLA,36.124947,35.67599868774414
2014-02-07,36.20199966430664,37.32600021362305,35.91999816894531,37.305999755859375,37.305999755859375,44642500,TSLA,36.56909,39.3120002746582
2014-02-11,39.79399871826172,40.439998626708984,38.540000915527344,39.32400131225586,39.32400131225586,53549500,TSLA,38.5575,39.06399917602539
2014-02-19,40.7400016784668,40.7400016784668,38.68199920654297,38.72800064086914,38.72800064086914,80845000,TSLA,41.066162,41.99399948120117
2014-02-25,46.0,51.84000015258789,45.689998626708984,49.599998474121094,49.599998474121094,163408500,TSLA,44.667248,50.599998474121094
2014-03-14,47.05799865722656,47.38800048828125,45.66400146484375,46.194000244140625,46.194000244140625,41448500,TSLA,48.391705,46.79600143432617
2014-03-18,47.38999938964844,48.29999923706055,47.00400161743164,48.007999420166016,48.007999420166016,31211500,TSLA,48.076233,47.167999267578125
2014-03-24,45.95000076293945,45.97999954223633,42.05400085449219,44.034000396728516,44.034000396728516,56644000,TSLA,47.577263,44.0880012512207
2014-03-25,44.827999114990234,45.40999984741211,43.58000183105469,44.0880012512207,44.0880012512207,39327000,TSLA,46.665115,42.59199905395508
2014-04-15,39.81800079345703,39.858001708984375,36.86399841308594,38.78200149536133,38.78200149536133,68296500,TSLA,41.36237,39.821998596191406
2014-04-16,39.400001525878906,39.99800109863281,38.16400146484375,39.821998596191406,39.821998596191406,36011000,TSLA,40.63344,39.624000549316406
2014-04-21,39.41600036621094,41.2400016784668,38.79999923706055,40.875999450683594,40.875999450683594,26291000,TSLA,40.226357,43.72800064086914
2014-04-30,40.720001220703125,41.63199996948242,40.25600051879883,41.577999114990234,41.577999114990234,22203000,TSLA,41.10648,41.54600143432617
2014-05-05,41.895999908447266,43.53799819946289,41.70399856567383,43.321998596191406,43.321998596191406,25735000,TSLA,42.592594,41.45600128173828
2014-05-21,39.236000061035156,39.9739990234375,38.95800018310547,39.88999938964844,39.88999938964844,26427000,TSLA,39.752533,40.97600173950195
2014-06-03,40.698001861572266,41.599998474121094,40.518001556396484,40.987998962402344,40.987998962402344,19304000,TSLA,42.45138,40.79800033569336
2014-06-20,45.70399856567383,46.257999420166016,45.2400016784668,45.917999267578125,45.917999267578125,24519500,TSLA,46.85483,47.444000244140625
2014-06-27,46.9379997253418,48.0,46.900001525878906,47.8120002746582,47.8120002746582,28175000,TSLA,48.14715,48.012001037597656
2014-07-03,46.257999420166016,46.380001068115234,44.79999923706055,45.849998474121094,45.849998474121094,25833500,TSLA,48.34834,44.53200149536133
2014-07-07,45.5,45.95600128173828,44.08000183105469,44.53200149536133,44.53200149536133,29468500,TSLA,47.506924,43.81399917602539
2014-07-11,44.12200164794922,44.31999969482422,43.52000045776367,43.625999450683594,43.625999450683594,16511500,TSLA,44.74776,45.34000015258789
2014-07-22,44.4379997253418,44.65999984741211,43.821998596191406,43.91600036621094,43.91600036621094,13650000,TSLA,44.591686,44.49800109863281
2014-07-25,44.54399871826172,45.39400100708008,44.349998474121094,44.7140007019043,44.7140007019043,15435500,TSLA,45.336044,44.9640007019043
2014-07-30,44.38399887084961,45.91999816894531,44.20800018310547,45.784000396728516,45.784000396728516,24639000,TSLA,46.04969,44.65999984741211
2014-07-31,45.85200119018555,46.279998779296875,44.29999923706055,44.65999984741211,44.65999984741211,38745500,TSLA,46.153957,46.65399932861328
2014-08-04,46.875999450683594,48.099998474121094,46.65399932861328,47.70399856567383,47.70399856567383,29798500,TSLA,46.991604,47.698001861572266
2014-08-11,51.09600067138672,52.74800109863281,51.0,51.86399841308594,51.86399841308594,40506500,TSLA,51.320465,51.992000579833984
2014-08-14,52.49800109863281,52.599998474121094,51.29999923706055,52.2760009765625,52.2760009765625,20633000,TSLA,53.055527,52.402000427246094
2014-08-21,51.30400085449219,51.7599983215332,50.652000427246094,50.86800003051758,50.86800003051758,14578000,TSLA,52.500668,51.35599899291992
2014-09-10,55.900001525878906,56.28200149536133,54.731998443603516,56.220001220703125,56.220001220703125,18906500,TSLA,57.254448,56.062000274658196
2014-09-16,51.029998779296875,52.492000579833984,50.48400115966797,52.14799880981445,52.14799880981445,41500500,TSLA,55.355247,52.2760009765625
2014-09-18,52.672000885009766,53.119998931884766,52.4640007019043,52.763999938964844,52.763999938964844,18463000,TSLA,53.448544,51.86399841308594
2014-09-26,49.650001525878906,49.94599914550781,49.2140007019043,49.31999969482422,49.31999969482422,18977000,TSLA,50.791126,49.051998138427734
2014-10-09,52.45000076293945,53.108001708984375,50.880001068115234,51.402000427246094,51.402000427246094,36806500,TSLA,52.963047,47.38199996948242
2014-10-20,45.34400177001953,46.47999954223633,45.10200119018555,46.09400177001953,46.09400177001953,17472000,TSLA,46.16913,47.06800079345703
2014-10-24,47.25400161743164,47.560001373291016,46.2400016784668,47.04800033569336,47.04800033569336,17316500,TSLA,47.73858,44.33399963378906
2014-11-13,50.124000549316406,51.150001525878906,50.04999923706055,50.34000015258789,50.34000015258789,31180000,TSLA,50.517296,51.736000061035156
2014-11-14,50.0,51.77000045776367,49.70000076293945,51.736000061035156,51.736000061035156,30505500,TSLA,51.19339,50.79600143432617
2014-12-15,41.858001708984375,41.959999084472656,40.534000396728516,40.80799865722656,40.80799865722656,26091500,TSLA,42.504128,39.5620002746582
2014-12-24,43.95399856567383,44.5,43.849998474121094,44.45199966430664,44.45199966430664,6661000,TSLA,45.05266,45.56399917602539
2015-01-08,42.5620002746582,42.7599983215332,42.00199890136719,42.124000549316406,42.124000549316406,17212500,TSLA,43.181156,41.332000732421875
2015-01-13,40.66400146484375,41.52199935913086,40.18199920654297,40.849998474121094,40.849998474121094,22386500,TSLA,42.12219,38.53799819946289
2015-01-16,38.13999938964844,38.89799880981445,37.93000030517578,38.61399841308594,38.61399841308594,18016000,TSLA,39.59791,38.38600158691406
2015-01-20,38.77399826049805,38.82400131225586,37.40800094604492,38.38600158691406,38.38600158691406,22516000,TSLA,39.141796,39.31399917602539
2015-01-27,40.88399887084961,41.60599899291992,40.65999984741211,41.19599914550781,41.19599914550781,13905000,TSLA,41.28932,39.874000549316406
2015-01-29,40.2140007019043,41.19599914550781,39.29999923706055,41.040000915527344,41.040000915527344,17740500,TSLA,41.552315,40.720001220703125
2015-02-02,40.79399871826172,42.38999938964844,40.65999984741211,42.1879997253418,42.1879997253418,20746000,TSLA,41.62436,43.672000885009766
2015-02-06,44.400001525878906,44.68000030517578,43.29999923706055,43.47200012207031,43.47200012207031,16219500,TSLA,44.74783,43.49599838256836
2015-02-11,42.44200134277344,42.948001861572266,41.45600128173828,42.560001373291016,42.560001373291016,48845500,TSLA,44.353592,40.57600021362305
2015-02-18,40.83399963378906,41.23400115966797,40.52000045776367,40.891998291015625,40.891998291015625,13568000,TSLA,41.388474,42.34199905395508
2015-02-25,40.987998962402344,41.428001403808594,40.51599884033203,40.75199890136719,40.75199890136719,19547500,TSLA,42.678516,41.4379997253418
2015-03-06,39.84199905395508,40.150001525878906,38.43000030517578,38.7760009765625,38.7760009765625,33562000,TSLA,40.736805,38.17599868774414
2015-03-23,39.70000076293945,40.099998474121094,39.49399948120117,39.92599868774414,39.92599868774414,13158000,TSLA,40.4919,40.34400177001953
2015-03-31,38.70600128173828,38.75199890136719,37.68199920654297,37.75400161743164,37.75400161743164,25133000,TSLA,38.612354,37.518001556396484
2015-04-01,37.7400016784668,38.459999084472656,37.209999084472656,37.518001556396484,37.518001556396484,18973000,TSLA,38.48032,38.20000076293945
2015-04-06,39.599998474121094,41.54999923706055,39.5,40.619998931884766,40.619998931884766,62279000,TSLA,39.26122,40.650001525878906
2015-04-09,41.68600082397461,42.07400131225586,41.2239990234375,42.018001556396484,42.018001556396484,19001000,TSLA,41.943188,42.18000030517578
2015-04-13,42.0880012512207,42.599998474121094,41.810001373291016,41.95600128173828,41.95600128173828,18791000,TSLA,42.79886,41.492000579833984
2015-04-23,43.65399932861328,44.29600143432617,43.43000030517578,43.720001220703125,43.720001220703125,22056000,TSLA,43.40563,43.68600082397461
2015-05-08,47.198001861572266,47.68199920654297,46.7400016784668,47.321998596191406,47.321998596191406,23341000,TSLA,47.482883,47.89799880981445
2015-05-11,47.257999420166016,48.57600021362305,47.0620002746582,47.89799880981445,47.89799880981445,28361500,TSLA,47.838924,48.948001861572266
2015-05-14,48.9640007019043,48.97800064086914,48.25,48.81999969482422,48.81999969482422,14479500,TSLA,49.571396,49.768001556396484
2015-05-21,48.60599899291992,49.32400131225586,48.47200012207031,49.124000549316406,49.124000549316406,9853000,TSLA,50.264164,49.54600143432617
2015-05-22,49.07600021362305,49.720001220703125,49.00199890136719,49.54600143432617,49.54600143432617,11115500,TSLA,50.14525,49.492000579833984
2015-06-10,50.380001068115234,50.79999923706055,49.70000076293945,50.13999938964844,50.13999938964844,17272500,TSLA,51.59283,50.28200149536133
2015-06-15,49.939998626708984,50.25600051879883,49.20199966430664,50.07600021362305,50.07600021362305,10931000,TSLA,51.328743,50.624000549316406
2015-06-29,52.38999938964844,53.189998626708984,52.13999938964844,52.40399932861328,52.40399932861328,17394500,TSLA,54.365654,53.652000427246094
2015-07-01,54.22200012207031,54.52399826049805,53.56999969482422,53.83000183105469,53.83000183105469,10506000,TSLA,54.420547,56.00400161743165
2015-07-06,55.7760009765625,56.3380012512207,55.2599983215332,55.944000244140625,55.944000244140625,20609500,TSLA,55.904373,53.57600021362305
2015-07-15,53.347999572753906,53.49800109863281,52.41600036621094,52.62799835205078,52.62799835205078,10108000,TSLA,53.32499,53.33599853515625
2015-07-24,53.47600173950195,54.21799850463867,52.784000396728516,53.082000732421875,53.082000732421875,14182500,TSLA,54.610737,50.60200119018555
2015-07-28,51.150001525878906,53.08000183105469,50.36800003051758,52.9640007019043,52.9640007019043,19479000,TSLA,53.467274,52.763999938964844
2015-08-05,52.715999603271484,54.20000076293945,52.08000183105469,54.0260009765625,54.0260009765625,31071500,TSLA,54.004807,49.22600173950195
2015-08-07,48.715999603271484,48.74599838256836,47.678001403808594,48.50199890136719,48.50199890136719,25367000,TSLA,52.149414,48.22800064086914
2015-08-12,47.0,47.95399856567383,46.54800033569336,47.63399887084961,47.63399887084961,18640000,TSLA,48.50506,48.50199890136719
2015-08-20,50.4119987487793,50.9119987487793,48.380001068115234,48.43600082397461,48.43600082397461,24529000,TSLA,52.041004,46.15399932861328
2015-09-04,48.178001403808594,48.81800079345703,47.63999938964844,48.38600158691406,48.38600158691406,18446000,TSLA,50.075264,49.63399887084961
2015-09-15,50.54999923706055,50.91999816894531,49.900001525878906,50.7140007019043,50.7140007019043,14667500,TSLA,51.14968,52.45000076293945
2015-09-28,51.470001220703125,51.95800018310547,49.321998596191406,49.68600082397461,49.68600082397461,24505500,TSLA,52.93007,49.33000183105469
2015-10-01,49.50199890136719,49.70000076293945,47.42599868774414,47.97600173950195,47.97600173950195,22865000,TSLA,50.830418,49.513999938964844
2015-10-06,48.0,48.60599899291992,47.11600112915039,48.29199981689453,48.29199981689453,26126000,TSLA,49.6453,46.391998291015625
2015-10-23,43.0,43.06999969482422,41.53799819946289,41.81800079345703,41.81800079345703,21177500,TSLA,43.481762,43.051998138427734
2015-10-28,42.262001037597656,42.689998626708984,41.65999984741211,42.59199905395508,42.59199905395508,13643000,TSLA,43.112858,42.32600021362305
2015-11-10,44.69599914550781,44.7400016784668,43.215999603271484,43.29999923706055,43.29999923706055,23085000,TSLA,46.72733,43.816001892089844
2015-11-12,43.56999969482422,43.79999923706055,42.53200149536133,42.5880012512207,42.5880012512207,14579500,TSLA,45.010994,41.4379997253418
2015-11-18,42.900001525878906,44.2760009765625,42.50400161743164,44.2140007019043,44.2140007019043,14059500,TSLA,43.350834,44.36000061035156
2015-11-24,43.07400131225586,44.20000076293945,43.0,43.650001525878906,43.650001525878906,12401500,TSLA,44.81659,45.928001403808594
2015-11-25,44.268001556396484,46.16600036621094,44.07600021362305,45.928001403808594,45.928001403808594,19954000,TSLA,44.923954,46.321998596191406
2015-12-09,45.34000015258789,45.5,44.14400100708008,44.90399932861328,44.90399932861328,15289000,TSLA,46.593983,45.41400146484375
2015-12-23,46.43600082397461,46.689998626708984,45.625999450683594,45.939998626708984,45.939998626708984,7775000,TSLA,47.46383,46.11399841308594
2016-01-07,42.8380012512207,43.6879997253418,42.73400115966797,43.130001068115234,43.130001068115234,17771500,TSLA,45.31028,42.20000076293945
2016-01-08,43.571998596191406,44.0880012512207,42.15399932861328,42.20000076293945,42.20000076293945,18140500,TSLA,44.428368,41.56999969482422
2016-01-12,42.31999969482422,42.74800109863281,41.0620002746582,41.99399948120117,41.99399948120117,15459500,TSLA,43.219227,40.0620002746582
2016-01-15,39.79399871826172,41.013999938964844,39.45000076293945,40.99800109863281,40.99800109863281,27893000,TSLA,41.83723,40.944000244140625
2016-02-22,34.02399826049805,35.78200149536133,33.970001220703125,35.54800033569336,35.54800033569336,25300500,TSLA,34.21164,35.44200134277344
2016-02-25,35.72999954223633,37.70399856567383,35.040000915527344,37.486000061035156,37.486000061035156,28753500,TSLA,36.04516,38.06800079345703
2016-03-03,37.65599822998047,39.48400115966797,36.84400177001953,39.14799880981445,39.14799880981445,24145000,TSLA,38.808903,40.20800018310547
2016-03-09,40.90399932861328,41.874000549316406,40.55799865722656,41.74399948120117,41.74399948120117,16043000,TSLA,41.526505,41.0359992980957
2016-03-11,41.58599853515625,41.88399887084961,41.066001892089844,41.5,41.5,16715500,TSLA,42.30991,43.029998779296875
2016-03-23,46.4739990234375,46.94599914550781,44.40599822998047,44.51599884033203,44.51599884033203,24744000,TSLA,47.817276,45.54999923706055
2016-03-31,45.86800003051758,47.48400115966797,45.00199890136719,45.95399856567383,45.95399856567383,40064500,TSLA,46.85778,47.518001556396484
2016-04-12,49.900001525878906,50.36000061035156,48.72600173950195,49.56399917602539,49.56399917602539,28816000,TSLA,51.902576,50.90599822998047
2016-04-18,50.44599914550781,51.6619987487793,50.332000732421875,50.7760009765625,50.7760009765625,21357000,TSLA,51.39507,49.4739990234375
2016-04-27,50.54999923706055,51.0,49.880001068115234,50.29399871826172,50.29399871826172,16029000,TSLA,51.43272,49.54199981689453
2016-04-29,49.62799835205078,49.68600082397461,47.5620002746582,48.152000427246094,48.152000427246094,27069000,TSLA,51.04232,48.36000061035156
2016-05-05,45.69200134277344,45.72800064086914,41.95800018310547,42.305999755859375,42.305999755859375,56274000,TSLA,47.084534,42.986000061035156
2016-05-06,42.17399978637695,43.27399826049805,41.62200164794922,42.986000061035156,42.986000061035156,28426000,TSLA,45.626457,41.784000396728516
2016-05-09,43.14400100708008,43.22999954223633,41.36000061035156,41.784000396728516,41.784000396728516,23882000,TSLA,44.32919,41.737998962402344
2016-05-12,42.28799819946289,42.33399963378906,40.731998443603516,41.45600128173828,41.45600128173828,18252500,TSLA,42.52801,41.52199935913086
2016-05-13,41.555999755859375,42.2400016784668,41.34000015258789,41.52199935913086,41.52199935913086,14114000,TSLA,42.45761,41.65800094604492
2016-05-16,41.630001068115234,42.630001068115234,41.58399963378906,41.65800094604492,41.65800094604492,14747000,TSLA,42.485584,40.93199920654297
2016-05-17,41.810001373291016,41.9640007019043,40.80400085449219,40.93199920654297,40.93199920654297,14218000,TSLA,42.442986,42.23400115966797
2016-05-23,43.9739990234375,44.52000045776367,43.172000885009766,43.24399948120117,43.24399948120117,25512500,TSLA,43.90587,43.582000732421875
2016-06-02,43.917999267578125,43.981998443603516,43.422000885009766,43.79199981689453,43.79199981689453,10164000,TSLA,45.201084,43.79800033569336
2016-06-06,43.599998474121094,44.18000030517578,43.09000015258789,44.13600158691406,44.13600158691406,11247500,TSLA,44.7881,46.46799850463867
2016-06-09,46.99599838256836,47.066001892089844,45.4119987487793,45.87200164794922,45.87200164794922,22460500,TSLA,46.83959,43.757999420166016
2016-06-17,43.5620002746582,43.99800109863281,42.900001525878906,43.09400177001953,43.09400177001953,15563000,TSLA,44.163307,43.939998626708984
2016-06-21,44.13600158691406,44.513999938964844,43.762001037597656,43.922000885009766,43.922000885009766,22645000,TSLA,44.585415,39.332000732421875
2016-06-22,39.89400100708008,41.189998626708984,39.150001525878906,39.332000732421875,39.332000732421875,118712000,TSLA,44.23182,39.279998779296875
2016-06-27,38.172000885009766,39.762001037597656,37.57400131225586,39.709999084472656,39.709999084472656,36027000,TSLA,39.995075,40.358001708984375
2016-06-28,40.37799835205078,40.810001373291016,39.88199996948242,40.358001708984375,40.358001708984375,31062000,TSLA,39.647903,42.03799819946289
2016-07-12,44.81999969482422,45.5,44.64400100708008,44.93000030517578,44.93000030517578,22856500,TSLA,44.752686,44.50600051879883
2016-07-13,45.099998474121094,45.11800003051758,44.05799865722656,44.50600051879883,44.50600051879883,17835500,TSLA,45.306366,44.305999755859375
2016-07-21,45.20000076293945,45.56999969482422,43.81999969482422,44.099998474121094,44.099998474121094,22143500,TSLA,45.990665,44.45399856567383
2016-08-15,45.20399856567383,45.900001525878906,44.986000061035156,45.11800003051758,45.11800003051758,10171500,TSLA,46.10491,44.72200012207031
2016-08-17,44.86600112915039,44.965999603271484,44.560001373291016,44.64799880981445,44.64799880981445,8935500,TSLA,45.90641,44.70199966430664
2016-08-19,44.70800018310547,45.034000396728516,44.50600051879883,45.0,45.0,8297500,TSLA,45.69134,44.58599853515625
2016-08-22,44.83399963378906,45.02199935913086,44.5359992980957,44.58599853515625,44.58599853515625,10327500,TSLA,45.64788,44.96799850463867
2016-08-24,45.40999984741211,45.43000030517578,44.444000244140625,44.52399826049805,44.52399826049805,12853500,TSLA,45.7899,44.19200134277344
2016-08-25,44.62200164794922,44.7599983215332,44.15399932861328,44.19200134277344,44.19200134277344,8812500,TSLA,45.72695,43.99800109863281
2016-08-26,44.428001403808594,44.571998596191406,43.763999938964844,43.99800109863281,43.99800109863281,11195000,TSLA,45.523205,43.040000915527344
2016-08-30,43.22200012207031,43.22200012207031,42.104000091552734,42.268001556396484,42.268001556396484,15844500,TSLA,44.63344,42.402000427246094
2016-08-31,42.08599853515625,42.52000045776367,41.72999954223633,42.402000427246094,42.402000427246094,16382500,TSLA,43.99629,40.15399932861328
2016-09-08,39.90999984741211,39.97800064086914,39.27199935913086,39.47200012207031,39.47200012207031,16889500,TSLA,40.933743,38.89400100708008
2016-09-14,39.150001525878906,39.58399963378906,38.97200012207031,39.28200149536133,39.28200149536133,11272500,TSLA,40.077477,40.08399963378906
2016-09-16,40.08399963378906,41.13999938964844,39.79999923706055,41.08000183105469,41.08000183105469,15539000,TSLA,40.38181,41.268001556396484
2016-09-19,41.400001525878906,41.88600158691406,41.0,41.268001556396484,41.268001556396484,11497500,TSLA,40.94099,40.928001403808594
2016-09-28,41.50199890136719,41.650001525878906,41.051998138427734,41.25400161743164,41.25400161743164,10442000,TSLA,42.317154,40.13999938964844
2016-10-13,40.099998474121094,40.18000030517578,39.40999984741211,40.04800033569336,40.04800033569336,12473000,TSLA,40.837044,39.301998138427734
2016-10-19,39.948001861572266,41.332000732421875,39.61199951171875,40.71200180053711,40.71200180053711,34956000,TSLA,40.44881,39.81999969482422
2016-10-31,40.49800109863281,40.49800109863281,39.1619987487793,39.54600143432617,39.54600143432617,23461500,TSLA,41.518795,38.15800094604492
2016-11-01,39.608001708984375,39.70000076293945,37.62200164794922,38.15800094604492,38.15800094604492,35300000,TSLA,40.96049,37.604000091552734
2016-11-07,38.71799850463867,38.858001708984375,38.0099983215332,38.641998291015625,38.641998291015625,19350500,TSLA,38.67771,38.987998962402344
2016-11-15,36.555999755859375,37.2859992980957,36.40999984741211,36.75400161743164,36.75400161743164,19510000,TSLA,37.758144,36.7859992980957
2016-11-16,36.529998779296875,36.94599914550781,36.242000579833984,36.7859992980957,36.7859992980957,17172000,TSLA,37.47838,37.731998443603516
2016-11-17,36.698001861572266,37.89799880981445,36.422000885009766,37.731998443603516,37.731998443603516,24435500,TSLA,37.46449,37.00400161743164
2016-11-18,38.130001068115234,38.599998474121094,37.0,37.00400161743164,37.00400161743164,26051500,TSLA,37.720345,36.90399932861328
2016-11-29,39.11199951171875,39.34600067138672,37.900001525878906,37.91400146484375,37.91400146484375,22196500,TSLA,39.67707,37.880001068115234
2016-12-20,40.61000061035156,41.79999923706055,40.5,41.757999420166016,41.757999420166016,23445500,TSLA,41.201714,41.540000915527344
2016-12-29,43.71200180053711,43.84000015258789,42.82400131225586,42.93600082397461,42.93600082397461,20225000,TSLA,44.344414,42.737998962402344
2017-01-25,51.46200180053711,51.69200134277344,50.36000061035156,50.89400100708008,50.89400100708008,25713000,TSLA,51.17333,50.50199890136719
2017-01-26,50.858001708984375,51.14799880981445,50.150001525878906,50.50199890136719,50.50199890136719,15760500,TSLA,51.615543,50.59000015258789
2017-01-30,50.50600051879883,51.05799865722656,49.41999816894531,50.125999450683594,50.125999450683594,19005500,TSLA,51.630974,50.38600158691406
2017-01-31,49.847999572753906,51.178001403808594,49.540000915527344,50.38600158691406,50.38600158691406,20580500,TSLA,51.468643,49.847999572753906
2017-02-01,50.61000061035156,50.63999938964844,49.810001373291016,49.847999572753906,49.847999572753906,19794000,TSLA,51.334618,50.310001373291016
2017-02-02,49.667999267578125,50.48400115966797,49.54199981689453,50.310001373291016,50.310001373291016,12499000,TSLA,51.211044,50.26599884033203
2017-02-03,50.38199996948242,50.43600082397461,49.93600082397461,50.26599884033203,50.26599884033203,10933500,TSLA,51.15722,51.55400085449219
2017-02-09,53.25,54.236000061035156,53.22999954223633,53.84000015258789,53.84000015258789,39101000,TSLA,53.106335,53.84600067138672
2017-02-13,54.14799880981445,56.15800094604492,54.10200119018555,56.119998931884766,56.119998931884766,35148000,TSLA,54.874355,56.19599914550782
2017-02-16,55.52000045776367,56.0,53.70000076293945,53.790000915527344,53.790000915527344,35386500,TSLA,56.886715,54.44599914550781
2017-02-22,56.0620002746582,56.689998626708984,54.52000045776367,54.70199966430664,54.70199966430664,43775000,TSLA,56.064556,51.198001861572266
2017-02-27,49.63399887084961,49.672000885009766,48.402000427246094,49.24599838256836,49.24599838256836,57304000,TSLA,53.07522,49.99800109863281
2017-03-07,50.38399887084961,50.77799987792969,49.66400146484375,49.71799850463867,49.71799850463867,17297500,TSLA,51.052467,49.374000549316406
2017-03-16,52.47999954223633,53.150001525878906,51.8120002746582,52.40999984741211,52.40999984741211,35661000,TSLA,51.84518,52.29999923706055
2017-03-17,52.79999923706055,53.066001892089844,52.2400016784668,52.29999923706055,52.29999923706055,32487500,TSLA,52.81039,52.38399887084961
2017-03-20,52.119998931884766,52.90999984741211,51.763999938964844,52.38399887084961,52.38399887084961,18071500,TSLA,53.38949,50.13600158691406
2017-03-30,55.608001708984375,56.400001525878906,55.44200134277344,55.58399963378906,55.58399963378906,20742000,TSLA,56.250294,55.65999984741211
2017-04-10,61.83000183105469,62.74599838256836,61.742000579833984,62.47800064086914,62.47800064086914,38322500,TSLA,61.67351,61.74200057983398
2017-04-11,62.67599868774414,62.694000244140625,61.099998474121094,61.742000579833984,61.742000579833984,28623000,TSLA,62.389503,59.36800003051758
2017-04-12,61.268001556396484,61.689998626708984,59.263999938964844,59.36800003051758,59.36800003051758,30253500,TSLA,62.66239,60.79999923706055
2017-04-17,60.540000915527344,60.79999923706055,59.736000061035156,60.28799819946289,60.28799819946289,20693500,TSLA,62.082397,60.04999923706055
2017-04-25,61.599998474121094,62.79600143432617,61.172000885009766,62.757999420166016,62.757999420166016,33688500,TSLA,62.706966,62.034000396728516
2017-04-27,62.3380012512207,62.61800003051758,61.5,61.72600173950195,61.72600173950195,17343000,TSLA,63.374317,62.81399917602539
2017-05-03,63.534000396728516,64.30599975585938,62.09000015258789,62.20399856567383,62.20399856567383,35667000,TSLA,64.955505,59.091999053955085
2017-05-24,61.301998138427734,62.20000076293945,61.08000183105469,62.04399871826172,62.04399871826172,25166500,TSLA,63.109325,63.3660011291504
2017-05-25,62.20399856567383,63.39400100708008,61.5620002746582,63.36600112915039,63.36600112915039,25070000,TSLA,63.212845,65.02799987792969
2017-05-30,65.19999694824219,67.25599670410156,65.1520004272461,67.0199966430664,67.0199966430664,38914500,TSLA,65.028275,68.2020034790039
2017-06-02,67.9540023803711,68.57599639892578,67.18599700927734,67.97000122070312,67.97000122070312,27951000,TSLA,69.19569,69.46399688720703
2017-06-13,73.52400207519531,75.19999694824219,73.3219985961914,75.19000244140625,75.19000244140625,59039500,TSLA,74.73723,76.13200378417969
2017-07-12,66.08000183105469,66.62000274658203,64.9000015258789,65.90399932861328,65.90399932861328,51730500,TSLA,64.73461,64.68199920654297
2017-07-19,65.64600372314453,66.33000183105469,64.64399719238281,65.052001953125,65.052001953125,31785000,TSLA,66.06655,65.98400115966797
2017-08-09,72.19999694824219,74.0,71.79000091552734,72.70600128173828,72.70600128173828,34460500,TSLA,73.41802,71.08000183105469
2017-08-21,69.16400146484375,69.16400146484375,66.37000274658203,67.5719985961914,67.5719985961914,32477000,TSLA,72.19446,68.2699966430664
2017-08-22,68.22599792480469,68.447998046875,67.4739990234375,68.2699966430664,68.2699966430664,21610000,TSLA,70.95165,70.55400085449219
2017-09-06,69.9000015258789,70.19599914550781,68.31199645996094,68.90599822998047,68.90599822998047,20457000,TSLA,71.91262,70.12200164794922
2017-09-08,69.7979965209961,69.95600128173828,68.45999908447266,68.68000030517578,68.68000030517578,16317500,TSLA,71.13853,72.73799896240234
2017-09-11,70.2699966430664,72.74199676513672,70.0,72.73799896240234,72.73799896240234,38335500,TSLA,71.31558,72.55000305175781
2017-09-29,68.37200164794922,68.93599700927734,67.72000122070312,68.22000122070312,68.22000122070312,25535500,TSLA,69.95202,68.30599975585938
2017-10-03,67.18000030517578,69.70999908447266,66.25599670410156,69.62799835205078,69.62799835205078,50768000,TSLA,69.68123,71.00199890136719
2017-10-04,70.25,71.7239990234375,69.91999816894531,71.00199890136719,71.00199890136719,40817500,TSLA,70.23267,71.06600189208984
2017-10-05,71.19999694824219,71.48799896240234,70.2699966430664,71.06600189208984,71.06600189208984,20858500,TSLA,71.06554,71.3759994506836
2017-10-11,70.77799987792969,71.5199966430664,70.2300033569336,70.91999816894531,70.91999816894531,22504000,TSLA,71.80193,71.13600158691406
2017-10-30,63.83599853515625,64.75599670410156,63.45000076293945,64.01599884033203,64.01599884033203,21272000,TSLA,66.230064,66.30599975585938
2017-11-02,60.0260009765625,61.737998962402344,58.5260009765625,59.85200119018555,59.85200119018555,98957000,TSLA,65.455154,61.21799850463868
2017-11-07,60.20399856567383,61.29999923706055,60.00600051879883,61.209999084472656,61.209999084472656,26471500,TSLA,61.942204,60.877998352050774
2017-11-17,65.13400268554688,65.33399963378906,62.630001068115234,63.0099983215332,63.0099983215332,68675500,TSLA,63.86627,61.748001098632805
2017-11-20,62.757999420166016,63.099998474121094,60.95000076293945,61.74800109863281,61.74800109863281,41238500,TSLA,64.18489,63.56200027465821
2017-12-11,62.92599868774414,65.802001953125,62.75,65.78199768066406,65.78199768066406,39690000,TSLA,64.08681,68.20600128173828
2017-12-12,66.08999633789062,68.28800201416016,66.00599670410156,68.20600128173828,68.20600128173828,43666000,TSLA,65.52554,67.80599975585938
2017-12-13,68.18599700927734,68.84400177001953,67.30000305175781,67.80599975585938,67.80599975585938,31107500,TSLA,67.17823,67.5780029296875
2017-12-19,68.052001953125,68.2979965209961,66.05999755859375,66.22000122070312,66.22000122070312,34125000,TSLA,69.64342,65.7959976196289
2017-12-26,64.76599884033203,64.78800201416016,63.316001892089844,63.45800018310547,63.45800018310547,21892000,TSLA,66.84461,62.327999114990234
2018-01-03,64.19999694824219,65.05000305175781,63.11000061035156,63.45000076293945,63.45000076293945,22607500,TSLA,64.368355,62.92399978637695
2018-01-10,66.44000244140625,67.4000015258789,66.0,66.95999908447266,66.95999908447266,21549500,TSLA,66.919556,67.58999633789062
2018-01-19,69.0,70.11799621582031,68.5199966430664,70.00399780273438,70.00399780273438,24441500,TSLA,70.347885,70.31199645996094
2018-02-05,67.59400177001953,68.89399719238281,66.5999984741211,66.6259994506836,66.6259994506836,22320500,TSLA,70.923355,66.79399871826172
2018-02-21,67.20600128173828,67.93800354003906,66.63400268554688,66.66000366210938,66.66000366210938,16098000,TSLA,68.22177,69.23400115966797
2018-02-26,70.69999694824219,71.80000305175781,70.47200012207031,71.48400115966797,71.48400115966797,21700000,TSLA,70.60256,70.197998046875
2018-03-01,69.00199890136719,69.73400115966797,66.01399993896484,66.18599700927734,66.18599700927734,34428000,TSLA,71.43614,67.02400207519531
2018-03-05,66.47799682617188,67.55000305175781,65.85800170898438,66.66999816894531,66.66999816894531,19119000,TSLA,68.924484,65.63999938964844
2018-03-08,66.5719985961914,66.66000366210938,65.25399780273438,65.81999969482422,65.81999969482422,17831000,TSLA,67.32686,65.43399810791016
2018-03-12,65.72200012207031,69.44200134277344,65.30000305175781,69.10199737548828,69.10199737548828,41320000,TSLA,67.464645,68.36799621582031
2018-03-19,63.29999923706055,64.1500015258789,61.933998107910156,62.71200180053711,62.71200180053711,37421500,TSLA,66.32425,62.11000061035156
2018-03-21,62.04999923706055,64.48799896240234,62.03799819946289,63.305999755859375,63.305999755859375,29792000,TSLA,64.37013,61.81999969482422
2018-04-20,59.034000396728516,59.99599838256836,57.95000076293945,58.04800033569336,58.04800033569336,28139500,TSLA,59.73937,56.67399978637695
2018-04-23,58.257999420166016,58.32400131225586,56.465999603271484,56.67399978637695,56.67399978637695,24467000,TSLA,59.658516,56.69200134277344
2018-05-03,55.757999420166016,57.608001708984375,55.04600143432617,56.88999938964844,56.88999938964844,86760500,TSLA,60.48164,58.81800079345703
2018-05-08,60.15999984741211,61.54999923706055,59.79999923706055,60.39400100708008,60.39400100708008,29650000,TSLA,60.1769,61.36999893188477
2018-05-16,56.76599884033203,57.762001037597656,56.3120002746582,57.29600143432617,57.29600143432617,28370000,TSLA,59.844727,56.90800094604493
2018-06-01,57.172000885009766,58.38999938964844,56.768001556396484,58.36399841308594,58.36399841308594,27122000,TSLA,58.35428,59.34799957275391
2018-06-04,58.86800003051758,59.79999923706055,58.709999084472656,59.347999572753906,59.347999572753906,23989000,TSLA,58.96473,58.22600173950195
2018-06-20,71.60800170898438,72.8759994506836,70.4000015258789,72.44400024414062,72.44400024414062,41918500,TSLA,73.66632,69.50199890136719
2018-06-26,67.20999908447266,68.70999908447266,65.16000366210938,68.4000015258789,68.4000015258789,37262500,TSLA,69.60675,68.9000015258789
2018-07-02,72.01399993896484,72.95600128173828,65.97000122070312,67.01399993896484,67.01399993896484,93799000,TSLA,71.0774,62.172000885009766
2018-07-13,63.11600112915039,63.91600036621094,61.849998474121094,63.77399826049805,63.77399826049805,29349000,TSLA,64.97627,62.02000045776367
2018-07-17,61.762001037597656,64.947998046875,61.70000076293945,64.53800201416016,64.53800201416016,34981000,TSLA,64.41488,64.7699966430664
2018-07-27,61.45000076293945,61.53799819946289,59.06800079345703,59.43600082397461,59.43600082397461,28516500,TSLA,61.709476,58.03400039672851
2018-07-31,58.45000076293945,59.66400146484375,57.81399917602539,59.62799835205078,59.62799835205078,25384500,TSLA,60.809105,60.16799926757812
2018-08-15,68.38200378417969,68.89800262451172,66.4280014038086,67.73799896240234,67.73799896240234,45506500,TSLA,71.62697,67.08999633789062
2018-08-20,58.34000015258789,61.70000076293945,57.63999938964844,61.6879997253418,61.6879997253418,87011500,TSLA,66.35169,64.37999725341797
2018-09-04,59.38800048828125,59.63800048828125,57.599998474121094,57.790000915527344,57.790000915527344,41752500,TSLA,61.34804,56.147998809814446
2018-09-06,56.959999084472656,58.23400115966797,55.7760009765625,56.189998626708984,56.189998626708984,37404000,TSLA,58.944508,52.64799880981445
2018-09-07,52.02000045776367,53.66999816894531,50.45000076293945,52.64799880981445,52.64799880981445,112459500,TSLA,57.46399,57.099998474121094
2018-09-20,60.71200180053711,61.19599914550781,58.66600036621094,59.66600036621094,59.66600036621094,36747000,TSLA,59.790512,59.81999969482422
2018-10-04,58.790000915527344,58.79999923706055,55.534000396728516,56.36600112915039,56.36600112915039,49071000,TSLA,60.815353,52.38999938964844
2018-10-10,52.922000885009766,53.10200119018555,49.55400085449219,51.375999450683594,51.375999450683594,64076500,TSLA,53.270367,50.44599914550781
2018-10-11,51.50600051879883,52.45000076293945,49.805999755859375,50.44599914550781,50.44599914550781,40838500,TSLA,52.421078,51.75600051879883
2018-10-15,51.8120002746582,52.65599822998047,50.90800094604492,51.917999267578125,51.917999267578125,31000000,TSLA,52.27479,55.31800079345703
2018-10-30,65.6780014038086,67.58000183105469,64.4520034790039,65.9800033569336,65.9800033569336,45633500,TSLA,66.95477,67.46399688720703
2018-11-01,67.6520004272461,69.56800079345703,66.94599914550781,68.85600280761719,68.85600280761719,40000500,TSLA,68.563095,69.28199768066406
2018-11-07,68.66799926757812,70.23600006103516,68.16000366210938,69.63200378417969,69.63200378417969,36872500,TSLA,69.90983,70.27999877929688
2018-11-14,68.54000091552734,69.4219970703125,67.43000030517578,68.80000305175781,68.80000305175781,25201500,TSLA,69.947754,69.68800354003906
2018-12-13,74.02999877929688,75.48799896240234,73.3499984741211,75.35800170898438,75.35800170898438,36829500,TSLA,75.0743,73.14199829101562
2018-12-27,63.96799850463867,64.43399810791016,60.29999923706055,63.22600173950195,63.22600173950195,42875500,TSLA,63.468155,66.77400207519531
2019-01-07,64.34400177001953,67.3479995727539,63.54999923706055,66.99199676513672,66.99199676513672,37756000,TSLA,63.81104,67.06999969482422
2019-01-25,58.87799835205078,59.70399856567383,57.90999984741211,59.40800094604492,59.40800094604492,36248000,TSLA,59.542408,59.2760009765625
2019-02-08,61.36600112915039,61.4900016784668,59.70000076293945,61.15999984741211,61.15999984741211,29221000,TSLA,63.690777,62.56800079345703
2019-02-12,63.2400016784668,63.63800048828125,61.92399978637695,62.36199951171875,62.36199951171875,27588000,TSLA,63.35126,61.6339988708496
2019-02-14,60.67599868774414,61.354000091552734,60.20000076293945,60.75400161743164,60.75400161743164,26004000,TSLA,63.1949,61.57600021362305
2019-02-19,61.3120002746582,62.30799865722656,61.09400177001953,61.12799835205078,61.12799835205078,20842000,TSLA,62.639942,60.512001037597656
2019-02-21,60.36199951171875,60.64799880981445,58.099998474121094,58.24599838256836,58.24599838256836,44546000,TSLA,62.034748,58.942001342773445
2019-02-22,58.89799880981445,59.29999923706055,58.41999816894531,58.94200134277344,58.94200134277344,28703000,TSLA,61.361748,59.75400161743164
2019-03-01,61.38800048828125,61.42599868774414,58.380001068115234,58.95800018310547,58.95800018310547,114557000,TSLA,62.963345,57.0719985961914
2019-03-11,56.70399856567383,58.25600051879883,56.099998474121094,58.183998107910156,58.183998107910156,36961500,TSLA,56.85471,56.67200088500976
2019-03-12,57.29800033569336,57.61399841308594,56.21200180053711,56.672000885009766,56.672000885009766,37520500,TSLA,57.440853,57.79199981689453
2019-03-13,56.779998779296875,58.39799880981445,56.540000915527344,57.79199981689453,57.79199981689453,34223500,TSLA,58.018867,57.99200057983398
2019-03-19,53.5,54.65999984741211,52.69200134277344,53.49399948120117,53.49399948120117,59003000,TSLA,56.65152,54.720001220703125
2019-03-21,54.52000045776367,55.290000915527344,53.689998626708984,54.80400085449219,54.80400085449219,29735500,TSLA,55.09624,52.90599822998047
2019-03-22,54.51599884033203,54.560001373291016,52.79999923706055,52.90599822998047,52.90599822998047,43728000,TSLA,54.94173,52.08399963378906
2019-03-25,51.94200134277344,52.63600158691406,50.891998291015625,52.08399963378906,52.08399963378906,51075000,TSLA,54.592464,53.55400085449219
2019-03-26,52.88800048828125,54.051998138427734,52.88600158691406,53.55400085449219,53.55400085449219,36754500,TSLA,54.296593,54.965999603271484
2019-03-28,55.43199920654297,56.066001892089844,55.02000045776367,55.7239990234375,55.7239990234375,33870500,TSLA,55.014336,55.97200012207031
2019-04-02,57.65999984741211,57.88800048828125,56.7760009765625,57.17599868774414,57.17599868774414,27394500,TSLA,57.604824,58.36199951171875
2019-04-04,52.37799835205078,54.2400016784668,52.11800003051758,53.555999755859375,53.555999755859375,118603500,TSLA,58.1526,54.992000579833984
2019-04-09,54.33000183105469,55.0,53.922000885009766,54.46200180053711,54.46200180053711,29520000,TSLA,55.721283,55.21200180053711
2019-04-10,55.347999572753906,55.67599868774414,54.577999114990234,55.21200180053711,55.21200180053711,35306500,TSLA,55.609287,53.683998107910156
2019-04-17,54.95000076293945,54.95800018310547,53.70800018310547,54.24599838256836,54.24599838256836,25632500,TSLA,54.891026,54.652000427246094
2019-04-18,54.24599838256836,54.96799850463867,53.95000076293945,54.652000427246094,54.652000427246094,29381500,TSLA,55.084675,52.54999923706055
2019-04-30,48.4119987487793,48.84199905395508,47.400001525878906,47.737998962402344,47.737998962402344,47323000,TSLA,49.504204,46.801998138427734
2019-05-06,50.00400161743164,51.66999816894531,49.70000076293945,51.06800079345703,51.06800079345703,54169500,TSLA,50.37379,49.4119987487793
2019-05-10,47.95000076293945,48.39799880981445,47.20399856567383,47.90399932861328,47.90399932861328,35041500,TSLA,49.80197,45.402000427246094
2019-05-14,45.86000061035156,46.900001525878906,45.599998474121094,46.46200180053711,46.46200180053711,36262000,TSLA,47.785435,46.38999938964844
2019-05-30,37.75,38.45199966430664,37.40399932861328,37.64400100708008,37.64400100708008,39632500,TSLA,38.78023,37.03200149536133
2019-06-04,36.220001220703125,38.79600143432617,35.922000885009766,38.720001220703125,38.720001220703125,69037500,TSLA,37.87278,39.31800079345703
2019-06-05,39.736000061035156,40.25600051879883,38.369998931884766,39.31800079345703,39.31800079345703,67554000,TSLA,38.255047,41.189998626708984
2019-06-19,45.02199935913086,45.55400085449219,44.21200180053711,45.2859992980957,45.2859992980957,32875500,TSLA,45.37784,43.92399978637695
2019-07-02,45.77799987792969,45.83000183105469,44.444000244140625,44.90999984741211,44.90999984741211,46295000,TSLA,46.03572,46.97999954223633
2019-07-11,47.62799835205078,48.29999923706055,47.15999984741211,47.720001220703125,47.720001220703125,37572000,TSLA,47.799294,49.01599884033203
2019-07-15,49.599998474121094,50.88399887084961,48.97200012207031,50.70000076293945,50.70000076293945,55000500,TSLA,49.342293,50.47600173950195
2019-08-06,46.375999450683594,46.5,45.150001525878906,46.150001525878906,46.150001525878906,27821000,TSLA,47.54106,46.683998107910156
2019-08-22,44.560001373291016,45.08000183105469,43.64400100708008,44.43000030517578,44.43000030517578,32795000,TSLA,45.58409,42.279998779296875
2019-08-27,43.14799880981445,43.7599983215332,42.40599822998047,42.816001892089844,42.816001892089844,27081000,TSLA,44.18699,43.11800003051758
2019-08-28,42.737998962402344,43.45000076293945,42.46200180053711,43.11800003051758,43.11800003051758,16127500,TSLA,43.819073,44.34199905395508
2019-08-30,45.83000183105469,46.487998962402344,44.84199905395508,45.12200164794922,45.12200164794922,46603000,TSLA,44.625637,45.00199890136719
2019-09-17,48.49399948120117,49.119998931884766,48.07400131225586,48.95800018310547,48.95800018310547,19327000,TSLA,50.17089,48.698001861572266
2019-09-24,48.30400085449219,48.39799880981445,44.52199935913086,44.641998291015625,44.641998291015625,64457500,TSLA,49.275368,45.7400016784668
2019-09-25,44.9119987487793,45.79600143432617,43.672000885009766,45.7400016784668,45.7400016784668,47135500,TSLA,48.29215,48.512001037597656
2019-09-27,48.439998626708984,49.742000579833984,47.74599838256836,48.42599868774414,48.42599868774414,55582000,TSLA,47.845463,48.17399978637695
2019-09-30,48.599998474121094,48.79600143432617,47.22200012207031,48.17399978637695,48.17399978637695,29399000,TSLA,48.398273,48.9379997253418
2019-10-02,48.65800094604492,48.93000030517578,47.88600158691406,48.625999450683594,48.625999450683594,28157000,TSLA,49.40194,46.60599899291992
2019-10-04,46.321998596191406,46.95600128173828,45.61399841308594,46.2859992980957,46.2859992980957,39975000,TSLA,48.55414,47.54399871826172
2019-10-15,51.540000915527344,52.0,50.82400131225586,51.577999114990234,51.577999114990234,32164000,TSLA,51.336678,51.95000076293945
2019-10-18,52.13999938964844,52.560001373291016,51.02000045776367,51.38999938964844,51.38999938964844,28749000,TSLA,52.995205,50.70000076293945
2019-10-28,65.50800323486328,68.16799926757812,64.5199966430664,65.54199981689453,65.54199981689453,94351500,TSLA,61.816067,63.24399948120117
2019-11-06,63.599998474121094,65.34400177001953,62.900001525878906,65.31600189208984,65.31600189208984,39704500,TSLA,64.67026,67.10800170898438
2019-11-08,66.9000015258789,67.49199676513672,66.5,67.4280014038086,67.4280014038086,30346000,TSLA,66.96838,69.01799774169922
2019-11-13,71.0,71.26599884033203,69.03600311279297,69.22200012207031,69.22200012207031,42100500,TSLA,70.678154,69.87000274658203
2019-11-14,69.22200012207031,70.76799774169922,68.58200073242188,69.87000274658203,69.87000274658203,32324500,TSLA,71.23496,70.43399810791016
2019-11-26,67.05400085449219,67.0999984741211,65.41999816894531,65.78399658203125,65.78399658203125,39737000,TSLA,69.8509,66.25800323486328
2019-12-11,70.3759994506836,71.43800354003906,70.21800231933594,70.54000091552734,70.54000091552734,34489000,TSLA,70.00669,71.93599700927734
2019-12-12,70.98400115966797,72.5479965209961,70.64600372314453,71.93599700927734,71.93599700927734,38819500,TSLA,71.1902,71.6780014038086
2019-12-19,79.46399688720703,81.37000274658203,79.30000305175781,80.80799865722656,80.80799865722656,90535500,TSLA,78.892525,81.11799621582031
2019-12-27,87.0,87.06199645996094,85.22200012207031,86.07599639892578,86.07599639892578,49728500,TSLA,86.91206,82.94000244140625
2020-01-06,88.09400177001953,90.31199645996094,88.0,90.30799865722656,90.30799865722656,50665000,TSLA,88.654625,93.81199645996094
2020-01-08,94.73999786376953,99.697998046875,93.64600372314453,98.4280014038086,98.4280014038086,155721500,TSLA,94.09937,96.26799774169922
2020-01-14,108.85199737548828,109.48200225830078,104.9800033569336,107.58399963378906,107.58399963378906,144981000,TSLA,103.37719,103.69999694824219
2020-02-03,134.73800659179688,157.22799682617188,134.70399475097656,156.0,156.0,235325000,TSLA,132.50859,177.41200256347656
2020-02-05,164.65199279785156,169.1959991455078,140.82200622558594,146.94000244140625,146.94000244140625,242119000,TSLA,160.09698,149.79200744628906
2020-02-06,139.98399353027344,159.16600036621094,137.39999389648438,149.79200744628906,149.79200744628906,199404000,TSLA,163.4956,149.61399841308594
2020-02-18,168.32000732421875,172.0,166.4720001220703,171.67999267578125,171.67999267578125,81908500,TSLA,163.84416,183.48399353027344
2020-03-04,152.79200744628906,153.3040008544922,144.9459991455078,149.89999389648438,149.89999389648438,75245000,TSLA,149.73457,144.9080047607422
2020-03-05,144.75399780273438,149.14999389648438,143.61399841308594,144.9080047607422,144.9080047607422,54263500,TSLA,152.17603,140.6959991455078
2020-03-19,74.94000244140625,90.4000015258789,71.69200134277344,85.52799987792969,85.52799987792969,150977500,TSLA,85.953865,85.50599670410156
2020-03-27,101.0,105.16000366210938,98.80599975585938,102.87200164794922,102.87200164794922,71887000,TSLA,106.32428,100.4260025024414
2020-04-14,139.79400634765625,148.37600708007812,138.48599243164062,141.97799682617188,141.97799682617188,152882500,TSLA,125.38,145.96600341796875
2020-04-15,148.39999389648438,150.62600708007812,142.0,145.96600341796875,145.96600341796875,117885000,TSLA,135.77173,149.04200744628906
2020-04-20,146.5399932861328,153.11399841308594,142.44200134277344,149.27200317382812,149.27200317382812,73733000,TSLA,153.0529,137.343994140625
2020-04-21,146.0240020751953,150.66600036621094,134.75799560546875,137.343994140625,137.343994140625,101045500,TSLA,152.42003,146.4219970703125
2020-04-23,145.52000427246094,146.8000030517578,140.62600708007812,141.12600708007812,141.12600708007812,66183500,TSLA,148.17657,145.02999877929688
2020-04-24,142.16200256347656,146.14599609375,139.63600158691406,145.02999877929688,145.02999877929688,66060000,TSLA,147.15602,159.75
2020-04-28,159.1280059814453,161.0,151.33799743652344,153.82400512695312,153.82400512695312,76110000,TSLA,153.29773,160.1020050048828
2020-05-01,151.0,154.5540008544922,136.60800170898438,140.26400756835938,140.26400756835938,162659000,TSLA,162.74615,152.23800659179688
2020-05-05,157.95799255371094,159.78399658203125,152.43600463867188,153.64199829101562,153.64199829101562,84958500,TSLA,156.71297,156.51600646972656
2020-05-14,156.0,160.6719970703125,152.8000030517578,160.66600036621094,160.66600036621094,68411000,TSLA,166.10312,159.83399963378906
2020-05-29,161.75,167.0,160.8419952392578,167.0,167.0,58822500,TSLA,168.43665,179.6199951171875
2020-06-11,198.0399932861328,203.79200744628906,194.39999389648438,194.5679931640625,194.5679931640625,79582500,TSLA,199.31189,187.05599975585938
2020-06-22,199.99000549316406,201.7760009765625,198.00399780273438,198.86399841308594,198.86399841308594,31812000,TSLA,206.69293,200.3560028076172
2020-07-02,244.29600524902344,245.60000610351562,237.1199951171875,241.73199462890625,241.73199462890625,86250500,TSLA,223.72647,274.3160095214844
2020-07-16,295.4320068359375,306.3420104980469,293.20001220703125,300.12799072265625,300.12799072265625,71504000,TSLA,316.70685,300.1679992675781
2020-08-10,289.6000061035156,291.5,277.1679992675781,283.7139892578125,283.7139892578125,37611500,TSLA,306.62692,274.87799072265625
2020-09-10,386.2099914550781,398.989990234375,360.55999755859375,371.3399963378906,371.3399963378906,84930600,TSLA,393.27826,372.7200012207031
2020-09-16,439.8699951171875,457.7900085449219,435.30999755859375,441.760009765625,441.760009765625,72279300,TSLA,434.2123,423.42999267578125
2020-09-24,363.79998779296875,399.5,351.29998779296875,387.7900085449219,387.7900085449219,96561100,TSLA,429.058,407.3399963378906
2020-09-25,393.4700012207031,408.7300109863281,391.29998779296875,407.3399963378906,407.3399963378906,67208500,TSLA,418.03836,421.20001220703125
2020-09-28,424.6199951171875,428.0799865722656,415.54998779296875,421.20001220703125,421.20001220703125,49719600,TSLA,417.9881,419.07000732421875
2020-10-14,449.7799987792969,465.8999938964844,447.3500061035156,461.29998779296875,461.29998779296875,47879700,TSLA,461.73132,448.88000488281244
2020-10-15,450.30999755859375,456.57000732421875,442.5,448.8800048828125,448.8800048828125,35672400,TSLA,466.68716,439.6700134277344
2020-10-30,406.8999938964844,407.5899963378906,379.1099853515625,388.0400085449219,388.0400085449219,42511300,TSLA,431.75772,400.510009765625
2020-11-04,430.6199951171875,435.3999938964844,417.1000061035156,420.9800109863281,420.9800109863281,32143100,TSLA,429.20767,438.0899963378906
2020-11-12,415.04998779296875,423.0,409.5199890136719,411.760009765625,411.760009765625,19855100,TSLA,437.82227,408.5
2020-11-20,497.989990234375,502.5,489.05999755859375,489.6099853515625,489.6099853515625,32911900,TSLA,491.83725,521.8499755859375
2020-11-25,550.0599975585938,574.0,545.3699951171875,574.0,574.0,48930200,TSLA,543.9959,585.760009765625
2020-11-27,581.1599731445312,598.780029296875,578.4500122070312,585.760009765625,585.760009765625,37561100,TSLA,564.0152,567.5999755859375
2020-12-04,591.010009765625,599.0399780273438,585.5,599.0399780273438,599.0399780273438,29401300,TSLA,601.389,641.760009765625
2021-01-13,852.760009765625,860.469970703125,832.0,854.4099731445312,854.4099731445312,33312500,TSLA,830.9126,845.0
2021-02-04,855.0,856.5,833.4199829101562,849.989990234375,849.989990234375,15812700,TSLA,847.5144,852.22998046875
2021-02-05,845.0,864.77001953125,838.969970703125,852.22998046875,852.22998046875,18566600,TSLA,849.689,863.4199829101562
2021-02-08,869.6699829101562,877.77001953125,854.75,863.4199829101562,863.4199829101562,20161700,TSLA,852.2922,849.4600219726562
2021-02-09,855.1199951171875,859.7999877929688,841.75,849.4600219726562,849.4600219726562,15157700,TSLA,852.9378,804.8200073242188
2021-03-09,608.1799926757812,678.0900268554688,595.2100219726562,673.5800170898438,673.5800170898438,67523300,TSLA,645.5684,668.0599975585938
2021-03-12,670.0,694.8800048828125,666.1400146484375,693.72998046875,693.72998046875,33583800,TSLA,686.6209,707.9400024414062
2021-03-15,694.0900268554688,713.1799926757812,684.0399780273438,707.9400024414062,707.9400024414062,29335600,TSLA,697.9237,676.8800048828125
2021-03-31,646.6199951171875,672.0,641.1099853515625,667.9299926757812,667.9299926757812,33337300,TSLA,650.46,661.75
